250,10.16.0.65
251,10.16.0.49
253,10.16.0.47
261,10.16.0.29
263,10.16.0.33
264,10.16.0.35
271,10.16.0.51
273,10.16.0.53
274,10.16.0.69
279,10.16.0.67
282,10.16.0.45
284,10.16.0.61
285,10.16.0.41
286,10.16.0.57
288,10.16.0.59
289,10.16.0.37
296,10.16.0.31
563,10.16.0.39
565,10.16.0.55
566,10.16.0.43
567,10.16.0.63
573,10.16.0.73
574,10.16.0.75
292,10.16.0.71
571,10.16.0.81
570,10.16.0.83
558,10.16.0.77
559,10.16.0.79
572,10.16.0.99
580,10.16.0.95
579,10.16.0.93
575,10.16.0.85
576,10.16.0.87
577,10.16.0.89
578,10.16.0.91
581,10.16.0.97
